{"loss": [0.47521522641181946, 0.4917038083076477, 0.43046078085899353, 0.4565841853618622, 0.48145028948783875, 0.4533238410949707, 0.45199885964393616, 0.40044811367988586, 0.44260576367378235, 0.4374748766422272], "accuracy": [0.8548956513404846, 0.8581059575080872, 0.8696629405021667, 0.863884449005127, 0.867415726184845, 0.8683788180351257, 0.8670946955680847, 0.8802568316459656, 0.8619582653045654, 0.8786516785621643], "val_loss": [0.5636429190635681, 0.4961426556110382, 0.4423147439956665, 0.4782426059246063, 0.5452317595481873, 0.5309823751449585, 0.5081035494804382, 0.4590785503387451, 0.5388388633728027, 0.5721299052238464], "val_accuracy": [0.9002848863601685, 0.9031339287757874, 0.9059829115867615, 0.9059829115867615, 0.9031339287757874, 0.9031339287757874, 0.9031339287757874, 0.9002848863601685, 0.9031339287757874, 0.9002848863601685]}